,time,Global_Temp
0,1880-01-15,-0.062479615
1,1880-02-15,-0.1874025
2,1880-03-15,-0.028090358
3,1880-04-15,-0.04007537
4,1880-05-15,0.014322497
5,1880-06-15,-0.027006213
6,1880-07-15,-0.016569866
7,1880-08-15,0.0049279938
8,1880-09-15,-0.003937009
9,1880-10-15,-0.0770953
10,1880-11-15,-0.0915422
11,1880-12-15,-0.09659064
12,1881-01-15,-0.053741373
13,1881-02-15,-0.1010975
14,1881-03-15,0.010994078
15,1881-04-15,0.074468024
16,1881-05-15,0.055624787
17,1881-06-15,-0.13469212
18,1881-07-15,0.044786677
19,1881-08-15,0.023908455
20,1881-09-15,-0.075525075
21,1881-10-15,-0.09299238
22,1881-11-15,-0.06303044
23,1881-12-15,0.00020005592
24,1882-01-15,0.1309673
25,1882-02-15,0.18674289
26,1882-03-15,0.05679694
27,1882-04-15,-0.09418601
28,1882-05-15,-0.02424833
29,1882-06-15,-0.0800196
30,1882-07-15,-0.061051823
31,1882-08-15,0.012506412
32,1882-09-15,-0.038616795
33,1882-10-15,-0.1743844
34,1882-11-15,-0.15042266
35,1882-12-15,-0.41398752
36,1883-01-15,-0.18531448
37,1883-02-15,-0.19221003
38,1883-03-15,0.10961216
39,1883-04-15,-0.048371814
40,1883-05-15,-0.05062452
41,1883-06-15,0.03485278
42,1883-07-15,0.033503477
43,1883-08-15,-0.03894732
44,1883-09-15,-0.07304353
45,1883-10-15,0.0110200085
46,1883-11-15,-0.1423158
47,1883-12-15,-0.041131333
48,1884-01-15,-0.08409578
49,1884-02-15,-0.021432752
50,1884-03-15,-0.2735225
51,1884-04-15,-0.28714392
52,1884-05-15,-0.25455424
53,1884-06-15,-0.2081461
54,1884-07-15,-0.1807811
55,1884-08-15,-0.17607583
56,1884-09-15,-0.17016731
57,1884-10-15,-0.10332592
58,1884-11-15,-0.16392967
59,1884-12-15,-0.20078424
60,1885-01-15,-0.466798
61,1885-02-15,-0.1239189
62,1885-03-15,-0.108053036
63,1885-04-15,-0.25527182
64,1885-05-15,-0.33584735
65,1885-06-15,-0.3018714
66,1885-07-15,-0.16651717
67,1885-08-15,-0.18200976
68,1885-09-15,-0.22414906
69,1885-10-15,-0.20585899
70,1885-11-15,-0.24635014
71,1885-12-15,-0.11941661
72,1886-01-15,-0.47231278
73,1886-02-15,-0.41355243
74,1886-03-15,-0.40311295
75,1886-04-15,-0.22833455
76,1886-05-15,-0.17608644
77,1886-06-15,-0.19759205
78,1886-07-15,-0.026749324
79,1886-08-15,-0.15082175
80,1886-09-15,-0.09532106
81,1886-10-15,-0.12387176
82,1886-11-15,-0.1280703
83,1886-12-15,-0.15341912
84,1887-01-15,-0.58432686
85,1887-02-15,-0.40348342
86,1887-03-15,-0.29223058
87,1887-04-15,-0.2633679
88,1887-05-15,-0.14963286
89,1887-06-15,-0.060321063
90,1887-07-15,-0.11063322
91,1887-08-15,-0.25050986
92,1887-09-15,-0.10269261
93,1887-10-15,-0.2612219
94,1887-11-15,-0.22795723
95,1887-12-15,-0.3478511
96,1888-01-15,-0.18225119
97,1888-02-15,-0.30373675
98,1888-03-15,-0.40723947
99,1888-04-15,-0.172732
100,1888-05-15,-0.14037794
101,1888-06-15,-0.04897902
102,1888-07-15,0.027343728
103,1888-08-15,-0.03081886
104,1888-09-15,-0.042732082
105,1888-10-15,0.031192908
106,1888-11-15,0.07762191
107,1888-12-15,-0.13281387
108,1889-01-15,-0.088047475
109,1889-02-15,0.243535
110,1889-03-15,0.012692461
111,1889-04-15,0.18140382
112,1889-05-15,0.09830289
113,1889-06-15,0.029968232
114,1889-07-15,0.0034599982
115,1889-08-15,-0.10329776
116,1889-09-15,-0.09359227
117,1889-10-15,-0.10856744
118,1889-11-15,-0.25492144
119,1889-12-15,-0.2780719
120,1890-01-15,-0.3635304
121,1890-02-15,-0.33194345
122,1890-03-15,-0.29896092
123,1890-04-15,-0.20313402
124,1890-05-15,-0.24642237
125,1890-06-15,-0.07426645
126,1890-07-15,-0.11368907
127,1890-08-15,-0.17894393
128,1890-09-15,-0.14550793
129,1890-10-15,-0.013198679
130,1890-11-15,-0.34862667
131,1890-12-15,-0.1618284
132,1891-01-15,-0.16493407
133,1891-02-15,-0.35354355
134,1891-03-15,-0.03432727
135,1891-04-15,-0.19272569
136,1891-05-15,-0.046477165
137,1891-06-15,-0.063379325
138,1891-07-15,-0.08875584
139,1891-08-15,-0.047616176
140,1891-09-15,-0.080134474
141,1891-10-15,-0.1321395
142,1891-11-15,-0.25724605
143,1891-12-15,-0.043785036
144,1892-01-15,-0.29356307
145,1892-02-15,-0.096208975
146,1892-03-15,-0.2962852
147,1892-04-15,-0.25759372
148,1892-05-15,-0.10748059
149,1892-06-15,-0.02293102
150,1892-07-15,-0.18908966
151,1892-08-15,-0.13717882
152,1892-09-15,-0.06050929
153,1892-10-15,0.0070223715
154,1892-11-15,-0.34349245
155,1892-12-15,-0.22162665
156,1893-01-15,-0.6767689
157,1893-02-15,-0.41479284
158,1893-03-15,-0.07743646
159,1893-04-15,-0.11695825
160,1893-05-15,-0.16834259
161,1893-06-15,-0.08865324
162,1893-07-15,-0.008561621
163,1893-08-15,-0.117948376
164,1893-09-15,-0.08422211
165,1893-10-15,-0.026602115
166,1893-11-15,-0.05837272
167,1893-12-15,-0.2583797
168,1894-01-15,-0.49511537
169,1894-02-15,-0.24174108
170,1894-03-15,-0.09234555
171,1894-04-15,-0.3090514
172,1894-05-15,-0.14597417
173,1894-06-15,-0.23652154
174,1894-07-15,-0.07577295
175,1894-08-15,-0.07013643
176,1894-09-15,-0.1508862
177,1894-10-15,-0.12090027
178,1894-11-15,-0.21221632
179,1894-12-15,-0.122601055
180,1895-01-15,-0.30443743
181,1895-02-15,-0.32391575
182,1895-03-15,-0.25577527
183,1895-04-15,-0.09089331
184,1895-05-15,-0.16476524
185,1895-06-15,-0.07503293
186,1895-07-15,-0.0368875
187,1895-08-15,-0.09469509
188,1895-09-15,-0.038670987
189,1895-10-15,-0.026045261
190,1895-11-15,-0.082830206
191,1895-12-15,-0.09735083
192,1896-01-15,-0.2526325
193,1896-02-15,-0.080515265
194,1896-03-15,-0.28064033
195,1896-04-15,-0.37955722
196,1896-05-15,-0.117325
197,1896-06-15,0.046006396
198,1896-07-15,0.056006357
199,1896-08-15,0.022092499
200,1896-09-15,0.026950864
201,1896-10-15,0.17548904
202,1896-11-15,-0.014439561
203,1896-12-15,-0.08375874
204,1897-01-15,-0.16296269
205,1897-02-15,-0.2798892
206,1897-03-15,-0.16374333
207,1897-04-15,0.0024673932
208,1897-05-15,0.13424
209,1897-06-15,-0.011264337
210,1897-07-15,0.046299573
211,1897-08-15,-0.021142459
212,1897-09-15,-0.057774715
213,1897-10-15,-0.068795726
214,1897-11-15,-0.113409184
215,1897-12-15,-0.041722596
216,1898-01-15,-0.03396455
217,1898-02-15,-0.35717523
218,1898-03-15,-0.35816953
219,1898-04-15,-0.14435369
220,1898-05-15,-0.17593977
221,1898-06-15,-0.037514698
222,1898-07-15,-0.088422
223,1898-08-15,-0.11031592
224,1898-09-15,-0.08021268
225,1898-10-15,-0.23451196
226,1898-11-15,-0.3767
227,1898-12-15,-0.28047067
228,1899-01-15,-0.1427254
229,1899-02-15,-0.34449255
230,1899-03-15,-0.3275754
231,1899-04-15,-0.09804489
232,1899-05-15,-0.16114351
233,1899-06-15,-0.19297469
234,1899-07-15,-0.081582025
235,1899-08-15,-0.023963308
236,1899-09-15,0.016437264
237,1899-10-15,0.03895384
238,1899-11-15,0.20512043
239,1899-12-15,-0.2220342
240,1900-01-15,-0.38072762
241,1900-02-15,0.043800283
242,1900-03-15,0.16902433
243,1900-04-15,-0.03614348
244,1900-05-15,-0.0048568724
245,1900-06-15,-0.037588004
246,1900-07-15,-0.07127978
247,1900-08-15,-0.03061019
248,1900-09-15,-0.017280316
249,1900-10-15,0.14038882
250,1900-11-15,-0.018818865
251,1900-12-15,-0.12699409
252,1901-01-15,-0.245939
253,1901-02-15,0.08358918
254,1901-03-15,0.19537142
255,1901-04-15,0.07955846
256,1901-05-15,-0.07920106
257,1901-06-15,-0.012033974
258,1901-07-15,-0.05650207
259,1901-08-15,-0.12343424
260,1901-09-15,-0.12126393
261,1901-10-15,-0.14599085
262,1901-11-15,-0.087414496
263,1901-12-15,-0.1784804
264,1902-01-15,-0.20933576
265,1902-02-15,-0.00077515026
266,1902-03-15,-0.38283446
267,1902-04-15,-0.21090375
268,1902-05-15,-0.26024655
269,1902-06-15,-0.22521256
270,1902-07-15,-0.15378489
271,1902-08-15,-0.19360526
272,1902-09-15,-0.21980081
273,1902-10-15,-0.24150448
274,1902-11-15,-0.37872025
275,1902-12-15,-0.41439986
276,1903-01-15,-0.21025066
277,1903-02-15,0.10321268
278,1903-03-15,-0.048165306
279,1903-04-15,-0.3006549
280,1903-05-15,-0.27544475
281,1903-06-15,-0.2916094
282,1903-07-15,-0.19767393
283,1903-08-15,-0.30016187
284,1903-09-15,-0.3349333
285,1903-10-15,-0.29126677
286,1903-11-15,-0.1774716
287,1903-12-15,-0.2711984
288,1904-01-15,-0.46596625
289,1904-02-15,-0.5113711
290,1904-03-15,-0.21594825
291,1904-04-15,-0.25944495
292,1904-05-15,-0.3272034
293,1904-06-15,-0.27276236
294,1904-07-15,-0.3557903
295,1904-08-15,-0.28668028
296,1904-09-15,-0.38651022
297,1904-10-15,-0.24143407
298,1904-11-15,-0.015040795
299,1904-12-15,-0.20681791
300,1905-01-15,-0.23789762
301,1905-02-15,-0.3729761
302,1905-03-15,0.06071308
303,1905-04-15,-0.095230676
304,1905-05-15,-0.13442011
305,1905-06-15,-0.1888731
306,1905-07-15,-0.18774058
307,1905-08-15,-0.07719929
308,1905-09-15,-0.091083236
309,1905-10-15,-0.15491903
310,1905-11-15,0.03889292
311,1905-12-15,-0.085156925
312,1906-01-15,-0.35530293
313,1906-02-15,-0.23940781
314,1906-03-15,-0.048311077
315,1906-04-15,0.09495343
316,1906-05-15,-0.113561355
317,1906-06-15,-0.03264108
318,1906-07-15,-0.117789835
319,1906-08-15,-0.00709007
320,1906-09-15,-0.12260275
321,1906-10-15,-0.0054413597
322,1906-11-15,-0.23989153
323,1906-12-15,0.028928667
324,1907-01-15,-0.43478894
325,1907-02-15,-0.37379602
326,1907-03-15,-0.13707049
327,1907-04-15,-0.17366946
328,1907-05-15,-0.3170819
329,1907-06-15,-0.26023576
330,1907-07-15,-0.24766973
331,1907-08-15,-0.22556551
332,1907-09-15,-0.21002501
333,1907-10-15,-0.03641425
334,1907-11-15,-0.29158595
335,1907-12-15,-0.41784295
336,1908-01-15,-0.4100213
337,1908-02-15,-0.060530532
338,1908-03-15,-0.41397244
339,1908-04-15,-0.27224016
340,1908-05-15,-0.16365536
341,1908-06-15,-0.13142411
342,1908-07-15,-0.13959788
343,1908-08-15,-0.26234952
344,1908-09-15,-0.15316162
345,1908-10-15,-0.21508472
346,1908-11-15,-0.3772256
347,1908-12-15,-0.39427438
348,1909-01-15,-0.7359932
349,1909-02-15,-0.2910811
350,1909-03-15,-0.41338128
351,1909-04-15,-0.4240113
352,1909-05-15,-0.3707009
353,1909-06-15,-0.3138746
354,1909-07-15,-0.24662817
355,1909-08-15,-0.14283933
356,1909-09-15,-0.22606109
357,1909-10-15,-0.206216
358,1909-11-15,-0.1745342
359,1909-12-15,-0.43311095
360,1910-01-15,-0.35147232
361,1910-02-15,-0.20218918
362,1910-03-15,-0.35810536
363,1910-04-15,-0.29047906
364,1910-05-15,-0.15539032
365,1910-06-15,-0.2312259
366,1910-07-15,-0.18888275
367,1910-08-15,-0.17265579
368,1910-09-15,-0.21568675
369,1910-10-15,-0.20356554
370,1910-11-15,-0.38940418
371,1910-12-15,-0.5632246
372,1911-01-15,-0.59534144
373,1911-02-15,-0.38147143
374,1911-03-15,-0.4445344
375,1911-04-15,-0.3187121
376,1911-05-15,-0.3037628
377,1911-06-15,-0.2624621
378,1911-07-15,-0.214777
379,1911-08-15,-0.22511654
380,1911-09-15,-0.24957561
381,1911-10-15,-0.027351126
382,1911-11-15,-0.0698275
383,1911-12-15,-0.10563329
384,1912-01-15,-0.13637806
385,1912-02-15,-0.13756035
386,1912-03-15,-0.3610964
387,1912-04-15,-0.013157797
388,1912-05-15,-0.095054716
389,1912-06-15,-0.06431261
390,1912-07-15,-0.37715507
391,1912-08-15,-0.463881
392,1912-09-15,-0.4499079
393,1912-10-15,-0.5064411
394,1912-11-15,-0.20581478
395,1912-12-15,-0.30260208
396,1913-01-15,-0.42873493
397,1913-02-15,-0.31161058
398,1913-03-15,-0.21053043
399,1913-04-15,-0.24680097
400,1913-05-15,-0.27660722
401,1913-06-15,-0.30400753
402,1913-07-15,-0.28139094
403,1913-08-15,-0.2281657
404,1913-09-15,-0.21055947
405,1913-10-15,-0.22630925
406,1913-11-15,-0.14794524
407,1913-12-15,0.14303872
408,1914-01-15,-0.02810886
409,1914-02-15,-0.046406783
410,1914-03-15,-0.25850648
411,1914-04-15,-0.21924049
412,1914-05-15,-0.120613426
413,1914-06-15,-0.13511121
414,1914-07-15,-0.17899382
415,1914-08-15,-0.04895111
416,1914-09-15,-0.10444226
417,1914-10-15,0.0808303
418,1914-11-15,-0.12308272
419,1914-12-15,0.15881391
420,1915-01-15,-0.2599565
421,1915-02-15,-0.048972037
422,1915-03-15,-0.04484032
423,1915-04-15,0.18670934
424,1915-05-15,0.069620095
425,1915-06-15,-0.10825343
426,1915-07-15,-0.04720526
427,1915-08-15,-0.1796628
428,1915-09-15,-0.1172682
429,1915-10-15,-0.17868803
430,1915-11-15,-0.086070366
431,1915-12-15,-0.29867917
432,1916-01-15,-0.07842244
433,1916-02-15,-0.0176338
434,1916-03-15,-0.170693
435,1916-04-15,-0.19929786
436,1916-05-15,-0.24331142
437,1916-06-15,-0.3160456
438,1916-07-15,-0.23345011
439,1916-08-15,-0.13075179
440,1916-09-15,-0.2268519
441,1916-10-15,-0.10726029
442,1916-11-15,-0.27426142
443,1916-12-15,-0.8345388
444,1917-01-15,-0.36625665
445,1917-02-15,-0.40250275
446,1917-03-15,-0.45373145
447,1917-04-15,-0.3967429
448,1917-05-15,-0.3530538
449,1917-06-15,-0.25084162
450,1917-07-15,-0.09159251
451,1917-08-15,-0.11819144
452,1917-09-15,-0.15551053
453,1917-10-15,-0.33653402
454,1917-11-15,-0.24973075
455,1917-12-15,-0.6882928
456,1918-01-15,-0.51473343
457,1918-02-15,-0.25415322
458,1918-03-15,-0.12720689
459,1918-04-15,-0.2929834
460,1918-05-15,-0.33500177
461,1918-06-15,-0.24568363
462,1918-07-15,-0.1950821
463,1918-08-15,-0.24178189
464,1918-09-15,-0.05307086
465,1918-10-15,0.023984116
466,1918-11-15,-0.08772654
467,1918-12-15,-0.28892782
468,1919-01-15,-0.215415
469,1919-02-15,-0.357949
470,1919-03-15,-0.27017567
471,1919-04-15,-0.14289741
472,1919-05-15,-0.13615213
473,1919-06-15,-0.23313965
474,1919-07-15,-0.14759636
475,1919-08-15,-0.10004525
476,1919-09-15,-0.06705931
477,1919-10-15,-0.0025291461
478,1919-11-15,-0.32747114
479,1919-12-15,-0.27334118
480,1920-01-15,-0.16314173
481,1920-02-15,-0.028849253
482,1920-03-15,0.088687085
483,1920-04-15,-0.0613435
484,1920-05-15,-0.10863197
485,1920-06-15,-0.1814302
486,1920-07-15,-0.16592112
487,1920-08-15,-0.119043306
488,1920-09-15,-0.14411944
489,1920-10-15,-0.24149631
490,1920-11-15,-0.16309129
491,1920-12-15,-0.38834915
492,1921-01-15,0.022761924
493,1921-02-15,-0.054736756
494,1921-03-15,-0.11588516
495,1921-04-15,-0.1267236
496,1921-05-15,-0.19102778
497,1921-06-15,-0.055067495
498,1921-07-15,-0.031400383
499,1921-08-15,-0.17723325
500,1921-09-15,-0.10343424
501,1921-10-15,0.081894174
502,1921-11-15,0.06385712
503,1921-12-15,-0.1362432
504,1922-01-15,-0.15455571
505,1922-02-15,-0.49288377
506,1922-03-15,-0.055157233
507,1922-04-15,-0.12167102
508,1922-05-15,-0.20236054
509,1922-06-15,-0.1099518
510,1922-07-15,-0.12354879
511,1922-08-15,-0.19868478
512,1922-09-15,-0.23155804
513,1922-10-15,-0.1803388
514,1922-11-15,0.02345785
515,1922-12-15,-0.026349686
516,1923-01-15,-0.20432812
517,1923-02-15,-0.13320722
518,1923-03-15,-0.23784438
519,1923-04-15,-0.23975927
520,1923-05-15,-0.21421519
521,1923-06-15,-0.11369834
522,1923-07-15,-0.15093681
523,1923-08-15,-0.1403267
524,1923-09-15,-0.14941418
525,1923-10-15,0.1100424
526,1923-11-15,0.15872741
527,1923-12-15,0.06375946
528,1924-01-15,-0.13231665
529,1924-02-15,-0.11669838
530,1924-03-15,0.13925184
531,1924-04-15,-0.24236624
532,1924-05-15,-0.0026099763
533,1924-06-15,-0.1283933
534,1924-07-15,-0.15220971
535,1924-08-15,-0.16110267
536,1924-09-15,-0.13939857
537,1924-10-15,-0.14161877
538,1924-11-15,0.16500783
539,1924-12-15,-0.16412137
540,1925-01-15,-0.14485416
541,1925-02-15,-0.22941041
542,1925-03-15,-0.15768692
543,1925-04-15,-0.10791714
544,1925-05-15,-0.1569561
545,1925-06-15,-0.19974732
546,1925-07-15,-0.17409378
547,1925-08-15,-0.11722258
548,1925-09-15,-0.09181332
549,1925-10-15,-0.037876625
550,1925-11-15,0.18341507
551,1925-12-15,0.18618158
552,1926-01-15,0.4205407
553,1926-02-15,0.02635594
554,1926-03-15,0.38426638
555,1926-04-15,0.009661905
556,1926-05-15,-0.14736623
557,1926-06-15,-0.18220347
558,1926-07-15,-0.13504162
559,1926-08-15,0.008938795
560,1926-09-15,-0.027636537
561,1926-10-15,0.032998588
562,1926-11-15,0.14253451
563,1926-12-15,-0.20978825
564,1927-01-15,-0.19914952
565,1927-02-15,0.030804014
566,1927-03-15,-0.35423577
567,1927-04-15,-0.1992358
568,1927-05-15,-0.067927085
569,1927-06-15,-0.08705515
570,1927-07-15,-0.072290674
571,1927-08-15,-0.12133713
572,1927-09-15,0.0005262964
573,1927-10-15,0.11924444
574,1927-11-15,0.03436944
575,1927-12-15,-0.2279304
576,1928-01-15,0.15078568
577,1928-02-15,0.15503484
578,1928-03-15,-0.09445959
579,1928-04-15,-0.17407073
580,1928-05-15,-0.20311268
581,1928-06-15,-0.24437843
582,1928-07-15,-0.09272042
583,1928-08-15,-0.07284084
584,1928-09-15,-0.0687412
585,1928-10-15,-0.055298015
586,1928-11-15,0.08767227
587,1928-12-15,0.11842299
588,1929-01-15,-0.18596004
589,1929-02-15,-0.22402763
590,1929-03-15,-0.22037113
591,1929-04-15,-0.31962717
592,1929-05-15,-0.26159245
593,1929-06-15,-0.30435926
594,1929-07-15,-0.26117834
595,1929-08-15,-0.21450591
596,1929-09-15,-0.12262626
597,1929-10-15,0.035770413
598,1929-11-15,0.027215274
599,1929-12-15,-0.33382934
600,1930-01-15,0.07399791
601,1930-02-15,-0.23468067
602,1930-03-15,0.049256712
603,1930-04-15,-0.1048254
604,1930-05-15,-0.10485507
605,1930-06-15,-0.08663344
606,1930-07-15,-0.1130926
607,1930-08-15,-0.0142300455
608,1930-09-15,-0.042149067
609,1930-10-15,-0.18076089
610,1930-11-15,0.5126584
611,1930-12-15,0.045437396
612,1931-01-15,-0.32803395
613,1931-02-15,0.05499618
614,1931-03-15,-0.21704611
615,1931-04-15,-0.34339634
616,1931-05-15,-0.06533398
617,1931-06-15,0.017983979
618,1931-07-15,0.07182007
619,1931-08-15,0.015774665
620,1931-09-15,0.12628995
621,1931-10-15,0.46753842
622,1931-11-15,0.5178341
623,1931-12-15,0.22845814
624,1932-01-15,0.1808173
625,1932-02-15,0.1430873
626,1932-03-15,0.08627141
627,1932-04-15,0.10446229
628,1932-05-15,0.048241723
629,1932-06-15,-0.21420044
630,1932-07-15,-0.14300202
631,1932-08-15,0.043227855
632,1932-09-15,0.24678142
633,1932-10-15,0.15138227
634,1932-11-15,-0.41972366
635,1932-12-15,-0.14666218
636,1933-01-15,0.4085713
637,1933-02-15,0.14972554
638,1933-03-15,-0.2086652
639,1933-04-15,-0.0714698
640,1933-05-15,-0.26059127
641,1933-06-15,-0.31130067
642,1933-07-15,-0.13810773
643,1933-08-15,-0.14648248
644,1933-09-15,-0.3060462
645,1933-10-15,-0.20709853
646,1933-11-15,-0.4754427
647,1933-12-15,-0.59890527
648,1934-01-15,0.14569561
649,1934-02-15,0.49228746
650,1934-03-15,0.048322074
651,1934-04-15,-0.30790943
652,1934-05-15,0.06518067
653,1934-06-15,-0.05062541
654,1934-07-15,-0.069428116
655,1934-08-15,-0.05492291
656,1934-09-15,-0.040508363
657,1934-10-15,0.1576272
658,1934-11-15,0.28621554
659,1934-12-15,0.18166468
660,1935-01-15,-0.30181533
661,1935-02-15,0.36270493
662,1935-03-15,0.021097977
663,1935-04-15,-0.24167195
664,1935-05-15,-0.14613175
665,1935-06-15,-0.0885672
666,1935-07-15,-0.08563421
667,1935-08-15,-0.09006233
668,1935-09-15,-0.089291304
669,1935-10-15,0.08786894
670,1935-11-15,-0.104369566
671,1935-12-15,0.031744223
672,1936-01-15,-0.19972657
673,1936-02-15,-0.290976
674,1936-03-15,-0.12145758
675,1936-04-15,0.014970861
676,1936-05-15,-0.08108558
677,1936-06-15,-0.037540246
678,1936-07-15,0.020344004
679,1936-08-15,-0.050772533
680,1936-09-15,0.16180263
681,1936-10-15,0.20762378
682,1936-11-15,0.3838262
683,1936-12-15,0.27675268
684,1937-01-15,0.7347503
685,1937-02-15,0.14008139
686,1937-03-15,-0.17029205
687,1937-04-15,0.059101477
688,1937-05-15,0.17793211
689,1937-06-15,0.09070295
690,1937-07-15,0.041054435
691,1937-08-15,0.015673207
692,1937-09-15,0.09032977
693,1937-10-15,0.21953352
694,1937-11-15,0.26570585
695,1937-12-15,0.1743728
696,1938-01-15,0.5780069
697,1938-02-15,0.5898036
698,1938-03-15,0.5272043
699,1938-04-15,0.27870333
700,1938-05-15,0.010818452
701,1938-06-15,-0.010684442
702,1938-07-15,-0.027201127
703,1938-08-15,0.02937645
704,1938-09-15,0.17453244
705,1938-10-15,0.55242705
706,1938-11-15,0.47952196
707,1938-12-15,0.33510524
708,1939-01-15,-0.011987708
709,1939-02-15,0.11690043
710,1939-03-15,-0.13359709
711,1939-04-15,-0.03598542
712,1939-05-15,0.011602803
713,1939-06-15,-0.003707912
714,1939-07-15,0.03363457
715,1939-08-15,-0.035501935
716,1939-09-15,-0.022861384
717,1939-10-15,0.06660369
718,1939-11-15,0.27105492
719,1939-12-15,0.5040475
720,1940-01-15,0.3728293
721,1940-02-15,0.07562963
722,1940-03-15,-0.087879896
723,1940-04-15,0.16621126
724,1940-05-15,0.18050537
725,1940-06-15,0.23172958
726,1940-07-15,0.12935793
727,1940-08-15,0.11817002
728,1940-09-15,0.37835753
729,1940-10-15,0.27152747
730,1940-11-15,0.23431614
731,1940-12-15,0.44094983
732,1941-01-15,-0.11277714
733,1941-02-15,0.35442162
734,1941-03-15,0.11515982
735,1941-04-15,-0.013952132
736,1941-05-15,0.25258094
737,1941-06-15,0.13216528
738,1941-07-15,0.24372815
739,1941-08-15,0.13382794
740,1941-09-15,-0.07042747
741,1941-10-15,0.3944807
742,1941-11-15,0.058703434
743,1941-12-15,0.19372888
744,1942-01-15,0.89717245
745,1942-02-15,0.19387285
746,1942-03-15,-0.1952871
747,1942-04-15,0.029472623
748,1942-05-15,0.3048923
749,1942-06-15,0.13241161
750,1942-07-15,0.045651194
751,1942-08-15,0.027329927
752,1942-09-15,0.14854856
753,1942-10-15,0.29321778
754,1942-11-15,0.23438455
755,1942-12-15,0.58738273
756,1943-01-15,0.096849866
757,1943-02-15,0.53349805
758,1943-03-15,0.22509262
759,1943-04-15,0.51919377
760,1943-05-15,0.28571478
761,1943-06-15,0.14872369
762,1943-07-15,0.12575309
763,1943-08-15,0.08993283
764,1943-09-15,0.16839847
765,1943-10-15,0.4293751
766,1943-11-15,0.43960696
767,1943-12-15,0.3165957
768,1944-01-15,0.54531974
769,1944-02-15,0.41051352
770,1944-03-15,0.35915923
771,1944-04-15,0.30040354
772,1944-05-15,0.23851976
773,1944-06-15,0.14047933
774,1944-07-15,0.13922143
775,1944-08-15,0.17166482
776,1944-09-15,0.2978223
777,1944-10-15,0.3719431
778,1944-11-15,0.25794712
779,1944-12-15,0.3216106
780,1945-01-15,0.28365618
781,1945-02-15,0.21457459
782,1945-03-15,0.14317414
783,1945-04-15,0.2820342
784,1945-05-15,0.1175068
785,1945-06-15,0.036371123
786,1945-07-15,0.05511805
787,1945-08-15,0.26081604
788,1945-09-15,0.18002559
789,1945-10-15,0.31440222
790,1945-11-15,0.04805386
791,1945-12-15,0.031435415
792,1946-01-15,0.24002822
793,1946-02-15,-0.2633924
794,1946-03-15,0.14606306
795,1946-04-15,0.08954522
796,1946-05-15,0.010305722
797,1946-06-15,-0.06633922
798,1946-07-15,-0.058781262
799,1946-08-15,-0.20433126
800,1946-09-15,-0.06014976
801,1946-10-15,-0.061171107
802,1946-11-15,0.047861304
803,1946-12-15,-0.15525775
804,1947-01-15,0.35232875
805,1947-02-15,0.13304158
806,1947-03-15,0.2431885
807,1947-04-15,0.089776106
808,1947-05-15,0.091088474
809,1947-06-15,0.02661904
810,1947-07-15,-0.01298364
811,1947-08-15,-0.031795707
812,1947-09-15,-0.04397577
813,1947-10-15,0.55421805
814,1947-11-15,0.40679833
815,1947-12-15,0.0024981427
816,1948-01-15,0.059510477
817,1948-02-15,-0.26339567
818,1948-03-15,-0.12349609
819,1948-04-15,-0.19096047
820,1948-05-15,0.10887127
821,1948-06-15,0.045462552
822,1948-07-15,-0.07547791
823,1948-08-15,-0.08919825
824,1948-09-15,-0.012441927
825,1948-10-15,0.2745764
826,1948-11-15,0.013382154
827,1948-12-15,-0.69119376
828,1949-01-15,-0.10639641
829,1949-02-15,-0.04494589
830,1949-03-15,0.40233904
831,1949-04-15,-0.18049495
832,1949-05-15,-0.13465147
833,1949-06-15,-0.30337167
834,1949-07-15,-0.1646577
835,1949-08-15,-0.108837195
836,1949-09-15,-0.097657986
837,1949-10-15,-0.039943036
838,1949-11-15,0.015982334
839,1949-12-15,0.13958976
840,1950-01-15,-0.06858722
841,1950-02-15,-0.21241868
842,1950-03-15,0.16364846
843,1950-04-15,-0.08704862
844,1950-05-15,-0.097058356
845,1950-06-15,-0.029011618
846,1950-07-15,0.0034068695
847,1950-08-15,-0.14463206
848,1950-09-15,-0.0440575
849,1950-10-15,-0.15214624
850,1950-11-15,-0.1455976
851,1950-12-15,-0.19767058
852,1951-01-15,-0.55491465
853,1951-02-15,-0.38424993
854,1951-03-15,-0.03797523
855,1951-04-15,0.051701915
856,1951-05-15,0.1301115
857,1951-06-15,-0.0047134077
858,1951-07-15,-0.119307086
859,1951-08-15,0.052905302
860,1951-09-15,0.12307783
861,1951-10-15,0.18146974
862,1951-11-15,-0.02304142
863,1951-12-15,0.11628106
864,1952-01-15,0.058604077
865,1952-02-15,0.26729447
866,1952-03-15,-0.108642474
867,1952-04-15,0.08286743
868,1952-05-15,0.1733428
869,1952-06-15,0.032490287
870,1952-07-15,0.08259707
871,1952-08-15,0.07835838
872,1952-09-15,0.15370362
873,1952-10-15,0.03051685
874,1952-11-15,0.095353596
875,1952-12-15,0.19637556
876,1953-01-15,0.13659723
877,1953-02-15,0.30516234
878,1953-03-15,0.03618038
879,1953-04-15,0.5708012
880,1953-05-15,0.2410479
881,1953-06-15,0.24331543
882,1953-07-15,0.10932346
883,1953-08-15,0.09300799
884,1953-09-15,0.11656997
885,1953-10-15,0.22923619
886,1953-11-15,0.3717093
887,1953-12-15,0.23706794
888,1954-01-15,-0.18310617
889,1954-02-15,0.00085473334
890,1954-03-15,-0.21062484
891,1954-04-15,0.0051194406
892,1954-05-15,0.0409622
893,1954-06-15,-0.052447096
894,1954-07-15,-0.06343339
895,1954-08-15,-0.07686815
896,1954-09-15,0.013800878
897,1954-10-15,0.24595536
898,1954-11-15,0.39199343
899,1954-12-15,0.18125777
900,1955-01-15,0.39621988
901,1955-02-15,-0.20604046
902,1955-03-15,-0.22487146
903,1955-04-15,-0.023660101
904,1955-05-15,-0.24595498
905,1955-06-15,-0.0005389593
906,1955-07-15,-0.06603947
907,1955-08-15,0.25676325
908,1955-09-15,0.010589765
909,1955-10-15,0.31677753
910,1955-11-15,-0.3218304
911,1955-12-15,-0.34115106
912,1956-01-15,0.056033615
913,1956-02-15,0.20670265
914,1956-03-15,-0.07440624
915,1956-04-15,-0.14092252
916,1956-05-15,-0.41038007
917,1956-06-15,-0.025389073
918,1956-07-15,0.10515884
919,1956-08-15,-0.25259897
920,1956-09-15,-0.121094115
921,1956-10-15,-0.35508388
922,1956-11-15,0.12491122
923,1956-12-15,0.35835296
924,1957-01-15,0.03457092
925,1957-02-15,0.21823353
926,1957-03-15,0.111739874
927,1957-04-15,0.009039864
928,1957-05-15,0.17296767
929,1957-06-15,0.3172889
930,1957-07-15,-0.013376027
931,1957-08-15,0.33986872
932,1957-09-15,0.04073129
933,1957-10-15,0.119625196
934,1957-11-15,0.039098807
935,1957-12-15,-0.08138973
936,1958-01-15,0.79090065
937,1958-02-15,0.42307624
938,1958-03-15,0.12900382
939,1958-04-15,-0.39452386
940,1958-05-15,0.0846799
941,1958-06-15,-0.40039533
942,1958-07-15,0.17907594
943,1958-08-15,-0.2457356
944,1958-09-15,0.0032331152
945,1958-10-15,0.10454391
946,1958-11-15,-0.12051664
947,1958-12-15,-0.31897643
948,1959-01-15,-0.08011791
949,1959-02-15,0.16057667
950,1959-03-15,0.19982778
951,1959-04-15,0.3776514
952,1959-05-15,0.110776074
953,1959-06-15,-0.02973003
954,1959-07-15,0.00589243
955,1959-08-15,-0.061455525
956,1959-09-15,-0.3282543
957,1959-10-15,-0.11768959
958,1959-11-15,0.107026756
959,1959-12-15,0.038686432
960,1960-01-15,0.016520273
961,1960-02-15,-0.065437585
962,1960-03-15,-0.7272352
963,1960-04-15,-0.29010755
964,1960-05-15,0.13426387
965,1960-06-15,-0.04436097
966,1960-07-15,0.04724984
967,1960-08-15,-0.070551015
968,1960-09-15,0.19207825
969,1960-10-15,0.051520113
970,1960-11-15,-0.2836902
971,1960-12-15,0.23775703
972,1961-01-15,-0.10311782
973,1961-02-15,0.07590693
974,1961-03-15,-0.12482033
975,1961-04-15,0.12939118
976,1961-05-15,-0.00084091374
977,1961-06-15,0.3261066
978,1961-07-15,0.05695436
979,1961-08-15,0.07751185
980,1961-09-15,0.23056825
981,1961-10-15,0.14520794
982,1961-11-15,0.14274193
983,1961-12-15,-0.41742802
984,1962-01-15,-0.09273484
985,1962-02-15,0.035298046
986,1962-03-15,0.2771223
987,1962-04-15,0.0112578515
988,1962-05-15,-0.26927352
989,1962-06-15,0.28450668
990,1962-07-15,0.00046390487
991,1962-08-15,-0.08915223
992,1962-09-15,-0.06116064
993,1962-10-15,-0.117721565
994,1962-11-15,0.25815955
995,1962-12-15,-0.23508753
996,1963-01-15,-0.07826832
997,1963-02-15,0.04804579
998,1963-03-15,-0.49934837
999,1963-04-15,-0.25794083
1000,1963-05-15,-0.15139014
1001,1963-06-15,0.19709787
1002,1963-07-15,0.010054826
1003,1963-08-15,0.59128207
1004,1963-09-15,0.30822158
1005,1963-10-15,0.041311216
1006,1963-11-15,-0.04647405
1007,1963-12-15,-0.16062653
1008,1964-01-15,-0.38948333
1009,1964-02-15,-0.057085045
1010,1964-03-15,-0.3189446
1011,1964-04-15,-0.7701676
1012,1964-05-15,-0.69500446
1013,1964-06-15,0.26291138
1014,1964-07-15,0.20383301
1015,1964-08-15,-0.17450385
1016,1964-09-15,-0.5373295
1017,1964-10-15,-0.4067392
1018,1964-11-15,-0.28570724
1019,1964-12-15,-0.12138404
1020,1965-01-15,-0.09727041
1021,1965-02-15,-0.062148634
1022,1965-03-15,0.03507282
1023,1965-04-15,-0.08708874
1024,1965-05-15,-0.11735565
1025,1965-06-15,0.004881441
1026,1965-07-15,-0.27977303
1027,1965-08-15,0.10307438
1028,1965-09-15,-0.41767868
1029,1965-10-15,-0.18166152
1030,1965-11-15,0.1160277
1031,1965-12-15,-0.21270905
1032,1966-01-15,-0.6744258
1033,1966-02-15,-0.16902088
1034,1966-03-15,-0.022759905
1035,1966-04-15,-0.2597566
1036,1966-05-15,-0.32276407
1037,1966-06-15,-0.11362135
1038,1966-07-15,0.21401313
1039,1966-08-15,-0.23665626
1040,1966-09-15,0.05842079
1041,1966-10-15,-0.5559563
1042,1966-11-15,0.0025184236
1043,1966-12-15,0.40296677
1044,1967-01-15,-0.060089547
1045,1967-02-15,-0.3913832
1046,1967-03-15,0.235279
1047,1967-04-15,0.008363263
1048,1967-05-15,0.3035157
1049,1967-06-15,-0.16195183
1050,1967-07-15,0.27264357
1051,1967-08-15,0.031035114
1052,1967-09-15,0.07696899
1053,1967-10-15,0.047415953
1054,1967-11-15,0.03129888
1055,1967-12-15,0.19872199
1056,1968-01-15,-0.33151975
1057,1968-02-15,-0.015684433
1058,1968-03-15,0.4095383
1059,1968-04-15,0.09219421
1060,1968-05-15,-0.13325407
1061,1968-06-15,-0.13672478
1062,1968-07-15,-0.35260174
1063,1968-08-15,-0.21947503
1064,1968-09-15,-0.5226268
1065,1968-10-15,0.23884322
1066,1968-11-15,-0.42888564
1067,1968-12-15,-0.50666595
1068,1969-01-15,-0.06531218
1069,1969-02-15,-0.3549091
1070,1969-03-15,-0.3875301
1071,1969-04-15,0.00842368
1072,1969-05-15,0.14718752
1073,1969-06-15,-0.16207309
1074,1969-07-15,-0.35446358
1075,1969-08-15,0.019638134
1076,1969-09-15,0.16723815
1077,1969-10-15,0.1606847
1078,1969-11-15,0.012006429
1079,1969-12-15,0.44731513
1080,1970-01-15,-0.01076101
1081,1970-02-15,0.10708776
1082,1970-03-15,0.3019615
1083,1970-04-15,-0.29058525
1084,1970-05-15,-0.22082454
1085,1970-06-15,-0.16971987
1086,1970-07-15,0.09694347
1087,1970-08-15,-0.2792389
1088,1970-09-15,0.39603773
1089,1970-10-15,0.21523598
1090,1970-11-15,-0.060582362
1091,1970-12-15,-0.13822836
1092,1971-01-15,-0.10069984
1093,1971-02-15,0.17547116
1094,1971-03-15,-0.09568648
1095,1971-04-15,0.22402324
1096,1971-05-15,0.10576044
1097,1971-06-15,-0.26666006
1098,1971-07-15,-0.10463365
1099,1971-08-15,0.11304339
1100,1971-09-15,-0.036982913
1101,1971-10-15,0.08212734
1102,1971-11-15,-0.17931138
1103,1971-12-15,-0.018173436
1104,1972-01-15,-6.046248e-05
1105,1972-02-15,-0.14286748
1106,1972-03-15,0.13826323
1107,1972-04-15,-0.16155148
1108,1972-05-15,-0.21278615
1109,1972-06-15,0.0057354583
1110,1972-07-15,-0.082868926
1111,1972-08-15,0.5000967
1112,1972-09-15,0.041829262
1113,1972-10-15,0.19156419
1114,1972-11-15,-0.04075484
1115,1972-12-15,-0.09178214
1116,1973-01-15,0.3171768
1117,1973-02-15,-0.028061477
1118,1973-03-15,0.09172083
1119,1973-04-15,0.3365455
1120,1973-05-15,0.3308765
1121,1973-06-15,0.14160231
1122,1973-07-15,0.124637075
1123,1973-08-15,-0.018469876
1124,1973-09-15,0.12816317
1125,1973-10-15,0.08615391
1126,1973-11-15,0.18089642
1127,1973-12-15,-0.25689664
1128,1974-01-15,0.172224
1129,1974-02-15,-0.34336877
1130,1974-03-15,0.046483878
1131,1974-04-15,-0.19266888
1132,1974-05-15,-0.01367134
1133,1974-06-15,0.013989228
1134,1974-07-15,-0.027283803
1135,1974-08-15,0.44478542
1136,1974-09-15,-0.024362586
1137,1974-10-15,0.061820745
1138,1974-11-15,-0.073328435
1139,1974-12-15,0.18452492
1140,1975-01-15,0.0008824365
1141,1975-02-15,0.3086043
1142,1975-03-15,0.25764894
1143,1975-04-15,0.107472196
1144,1975-05-15,0.46349898
1145,1975-06-15,-0.16467974
1146,1975-07-15,-0.074453056
1147,1975-08-15,-0.36259314
1148,1975-09-15,-0.064648755
1149,1975-10-15,-0.060122974
1150,1975-11-15,-0.2098816
1151,1975-12-15,-0.036691457
1152,1976-01-15,0.118073195
1153,1976-02-15,0.118716426
1154,1976-03-15,0.06734708
1155,1976-04-15,-0.11083511
1156,1976-05-15,-0.41150206
1157,1976-06-15,-0.19333102
1158,1976-07-15,-0.120641015
1159,1976-08-15,-0.38206637
1160,1976-09-15,-0.050795507
1161,1976-10-15,-0.43525162
1162,1976-11-15,-0.13916023
1163,1976-12-15,0.15252736
1164,1977-01-15,0.8045643
1165,1977-02-15,-0.037356324
1166,1977-03-15,-0.08455146
1167,1977-04-15,0.1632096
1168,1977-05-15,0.64631486
1169,1977-06-15,0.40547177
1170,1977-07-15,0.41548288
1171,1977-08-15,0.29553083
1172,1977-09-15,-0.33342615
1173,1977-10-15,-0.3327768
1174,1977-11-15,-0.061113637
1175,1977-12-15,-0.13599119
1176,1978-01-15,-0.16641691
1177,1978-02-15,0.15397078
1178,1978-03-15,0.15021981
1179,1978-04-15,0.44475833
1180,1978-05-15,0.17882065
1181,1978-06-15,-0.18997423
1182,1978-07-15,0.022435213
1183,1978-08-15,-0.40126443
1184,1978-09-15,0.047404833
1185,1978-10-15,-0.035550807
1186,1978-11-15,0.0705405
1187,1978-12-15,-0.034616023
1188,1979-01-15,-0.038732376
1189,1979-02-15,-0.8005124
1190,1979-03-15,0.16211884
1191,1979-04-15,0.24985929
1192,1979-05-15,-0.31509566
1193,1979-06-15,-0.008877488
1194,1979-07-15,-0.31193036
1195,1979-08-15,-0.02216694
1196,1979-09-15,0.4309898
1197,1979-10-15,0.12654176
1198,1979-11-15,0.33887798
1199,1979-12-15,0.38034862
1200,1980-01-15,0.3005691
1201,1980-02-15,0.65130967
1202,1980-03-15,0.47410172
1203,1980-04-15,0.30701962
1204,1980-05-15,0.45213133
1205,1980-06-15,0.09152392
1206,1980-07-15,0.23375961
1207,1980-08-15,0.09548246
1208,1980-09-15,0.15318635
1209,1980-10-15,0.1253875
1210,1980-11-15,0.1975001
1211,1980-12-15,0.16001143
1212,1981-01-15,0.87347406
1213,1981-02-15,0.6362323
1214,1981-03-15,0.5563636
1215,1981-04-15,0.182339
1216,1981-05-15,0.4294817
1217,1981-06-15,0.3553726
1218,1981-07-15,0.6474271
1219,1981-08-15,0.7730904
1220,1981-09-15,0.08721413
1221,1981-10-15,0.031218925
1222,1981-11-15,0.28205347
1223,1981-12-15,0.38858688
1224,1982-01-15,-0.26807195
1225,1982-02-15,0.07048023
1226,1982-03-15,-0.0066998443
1227,1982-04-15,0.10721644
1228,1982-05-15,0.12337393
1229,1982-06-15,-0.16649662
1230,1982-07-15,0.20556994
1231,1982-08-15,-0.22675708
1232,1982-09-15,-0.18365148
1233,1982-10-15,0.038987707
1234,1982-11-15,0.3221728
1235,1982-12-15,0.4818383
1236,1983-01-15,0.5173866
1237,1983-02-15,0.22320259
1238,1983-03-15,0.57951975
1239,1983-04-15,0.22867642
1240,1983-05-15,0.37104812
1241,1983-06-15,0.014084694
1242,1983-07-15,-0.1643999
1243,1983-08-15,0.37428284
1244,1983-09-15,0.54923
1245,1983-10-15,-0.0541605
1246,1983-11-15,-0.09184278
1247,1983-12-15,-0.0006471535
1248,1984-01-15,0.58228815
1249,1984-02-15,0.17397621
1250,1984-03-15,0.34344053
1251,1984-04-15,-0.23598902
1252,1984-05-15,0.57983476
1253,1984-06-15,-0.27476382
1254,1984-07-15,0.5036461
1255,1984-08-15,0.25518656
1256,1984-09-15,0.4761376
1257,1984-10-15,0.17327778
1258,1984-11-15,0.20912607
1259,1984-12-15,0.3206426
1260,1985-01-15,0.49789122
1261,1985-02-15,-0.14189924
1262,1985-03-15,0.25201076
1263,1985-04-15,-0.018906385
1264,1985-05-15,-0.072846904
1265,1985-06-15,0.453525
1266,1985-07-15,-0.022661299
1267,1985-08-15,0.26901293
1268,1985-09-15,0.20942289
1269,1985-10-15,0.089022666
1270,1985-11-15,-0.06949693
1271,1985-12-15,0.12721828
1272,1986-01-15,0.09646385
1273,1986-02-15,0.75147057
1274,1986-03-15,0.3809364
1275,1986-04-15,0.17657493
1276,1986-05-15,0.2507297
1277,1986-06-15,-0.18664934
1278,1986-07-15,0.049134742
1279,1986-08-15,0.15852536
1280,1986-09-15,-0.42848697
1281,1986-10-15,-0.0023850354
1282,1986-11-15,-0.0037293178
1283,1986-12-15,-0.047085825
1284,1987-01-15,0.374104
1285,1987-02-15,0.060421746
1286,1987-03-15,0.0045600194
1287,1987-04-15,-0.038455192
1288,1987-05-15,0.03709329
1289,1987-06-15,0.46200588
1290,1987-07-15,0.34688228
1291,1987-08-15,-0.15856288
1292,1987-09-15,0.08043685
1293,1987-10-15,0.14286837
1294,1987-11-15,-0.14062779
1295,1987-12-15,0.22192779
1296,1988-01-15,0.45841497
1297,1988-02-15,0.46106312
1298,1988-03-15,0.5585862
1299,1988-04-15,0.3378206
1300,1988-05-15,0.57765794
1301,1988-06-15,0.5233912
1302,1988-07-15,0.35314086
1303,1988-08-15,0.7375604
1304,1988-09-15,0.5459785
1305,1988-10-15,0.61107695
1306,1988-11-15,-0.118097864
1307,1988-12-15,0.16614169
1308,1989-01-15,-0.21764071
1309,1989-02-15,0.41742936
1310,1989-03-15,0.41142204
1311,1989-04-15,0.30295125
1312,1989-05-15,-0.08662067
1313,1989-06-15,-0.13134432
1314,1989-07-15,0.5204296
1315,1989-08-15,0.48227564
1316,1989-09-15,0.4565091
1317,1989-10-15,0.1960182
1318,1989-11-15,0.019236216
1319,1989-12-15,0.4500315
1320,1990-01-15,0.51865077
1321,1990-02-15,0.4044623
1322,1990-03-15,1.0499823
1323,1990-04-15,0.852526
1324,1990-05-15,0.49409336
1325,1990-06-15,0.41409492
1326,1990-07-15,0.7117251
1327,1990-08-15,0.20305245
1328,1990-09-15,-0.01420154
1329,1990-10-15,0.3828565
1330,1990-11-15,0.13094667
1331,1990-12-15,0.30545333
1332,1991-01-15,0.41910926
1333,1991-02-15,0.57631856
1334,1991-03-15,0.36031908
1335,1991-04-15,0.45109898
1336,1991-05-15,0.28975928
1337,1991-06-15,0.6717231
1338,1991-07-15,0.6938525
1339,1991-08-15,0.5191697
1340,1991-09-15,0.87538344
1341,1991-10-15,0.22212595
1342,1991-11-15,0.2891907
1343,1991-12-15,0.5054718
1344,1992-01-15,0.42977965
1345,1992-02-15,0.22225754
1346,1992-03-15,0.6716475
1347,1992-04-15,0.1797473
1348,1992-05-15,0.3058613
1349,1992-06-15,0.23398057
1350,1992-07-15,0.073714904
1351,1992-08-15,-0.035852004
1352,1992-09-15,-0.07503351
1353,1992-10-15,0.06043448
1354,1992-11-15,-0.047478322
1355,1992-12-15,0.18487303
1356,1993-01-15,0.27711016
1357,1993-02-15,0.4573368
1358,1993-03-15,0.35466036
1359,1993-04-15,0.2503496
1360,1993-05-15,0.1998021
1361,1993-06-15,0.067542285
1362,1993-07-15,0.36615157
1363,1993-08-15,-0.20844612
1364,1993-09-15,0.04880998
1365,1993-10-15,0.21685468
1366,1993-11-15,0.08795639
1367,1993-12-15,-0.14413741
1368,1994-01-15,0.07742506
1369,1994-02-15,-0.116113864
1370,1994-03-15,0.18003213
1371,1994-04-15,0.5715778
1372,1994-05-15,-0.040546346
1373,1994-06-15,0.6843723
1374,1994-07-15,0.34077817
1375,1994-08-15,0.09509483
1376,1994-09-15,0.3287488
1377,1994-10-15,0.5196199
1378,1994-11-15,0.35127434
1379,1994-12-15,0.35385868
1380,1995-01-15,0.29707626
1381,1995-02-15,0.9819951
1382,1995-03-15,0.48261714
1383,1995-04-15,0.84552634
1384,1995-05-15,0.10989137
1385,1995-06-15,0.48864028
1386,1995-07-15,0.57545173
1387,1995-08-15,0.3839557
1388,1995-09-15,0.38881317
1389,1995-10-15,0.57163113
1390,1995-11-15,0.47703344
1391,1995-12-15,0.15189877
1392,1996-01-15,0.2938024
1393,1996-02-15,0.7281681
1394,1996-03-15,0.4703685
1395,1996-04-15,0.74704266
1396,1996-05-15,0.027061919
1397,1996-06-15,0.11219061
1398,1996-07-15,0.5519509
1399,1996-08-15,0.91280246
1400,1996-09-15,0.3950289
1401,1996-10-15,0.18047008
1402,1996-11-15,1.0081224
1403,1996-12-15,0.47425357
1404,1997-01-15,0.21481468
1405,1997-02-15,0.22974081
1406,1997-03-15,0.74906844
1407,1997-04-15,0.40551144
1408,1997-05-15,0.26080123
1409,1997-06-15,0.6612113
1410,1997-07-15,-0.05022186
1411,1997-08-15,0.15576401
1412,1997-09-15,0.35714546
1413,1997-10-15,0.61287695
1414,1997-11-15,0.91103095
1415,1997-12-15,0.5171291
1416,1998-01-15,0.4737714
1417,1998-02-15,0.7630662
1418,1998-03-15,0.7898265
1419,1998-04-15,0.29873267
1420,1998-05-15,0.5942361
1421,1998-06-15,1.0854051
1422,1998-07-15,0.65195847
1423,1998-08-15,0.6083444
1424,1998-09-15,0.23598292
1425,1998-10-15,0.2354909
1426,1998-11-15,0.6569967
1427,1998-12-15,0.4868911
1428,1999-01-15,0.42436925
1429,1999-02-15,0.50828534
1430,1999-03-15,0.33753514
1431,1999-04-15,0.002388268
1432,1999-05-15,0.036363095
1433,1999-06-15,0.30764696
1434,1999-07-15,0.39892197
1435,1999-08-15,0.2806406
1436,1999-09-15,0.49508077
1437,1999-10-15,0.42311156
1438,1999-11-15,0.6013562
1439,1999-12-15,0.1729338
1440,2000-01-15,0.049120158
1441,2000-02-15,0.6098717
1442,2000-03-15,0.7578685
1443,2000-04-15,0.42731163
1444,2000-05-15,0.20884986
1445,2000-06-15,0.5256989
1446,2000-07-15,0.52017754
1447,2000-08-15,0.45906535
1448,2000-09-15,0.33758137
1449,2000-10-15,0.2606556
1450,2000-11-15,0.5854163
1451,2000-12-15,0.3102797
1452,2001-01-15,0.5207739
1453,2001-02-15,0.5682446
1454,2001-03-15,0.37544188
1455,2001-04-15,0.33108333
1456,2001-05-15,0.4862326
1457,2001-06-15,0.6136956
1458,2001-07-15,0.6961611
1459,2001-08-15,0.13503134
1460,2001-09-15,0.6336039
1461,2001-10-15,0.43593177
1462,2001-11-15,0.94697493
1463,2001-12-15,0.8647538
1464,2002-01-15,0.82536876
1465,2002-02-15,0.5084705
1466,2002-03-15,1.2056856
1467,2002-04-15,0.5270462
1468,2002-05-15,0.86284477
1469,2002-06-15,0.3563371
1470,2002-07-15,0.6833208
1471,2002-08-15,0.62579405
1472,2002-09-15,0.9514885
1473,2002-10-15,0.9199302
1474,2002-11-15,0.65101695
1475,2002-12-15,0.56131876
1476,2003-01-15,0.927364
1477,2003-02-15,0.54208404
1478,2003-03-15,0.6234572
1479,2003-04-15,0.53132594
1480,2003-05-15,0.6310109
1481,2003-06-15,0.26816905
1482,2003-07-15,0.65017444
1483,2003-08-15,0.72745836
1484,2003-09-15,0.69894165
1485,2003-10-15,0.8514071
1486,2003-11-15,0.43312827
1487,2003-12-15,0.9472872
1488,2004-01-15,0.49091744
1489,2004-02-15,0.68396604
1490,2004-03-15,0.34166047
1491,2004-04-15,0.66633785
1492,2004-05-15,0.15753327
1493,2004-06-15,0.3751463
1494,2004-07-15,-0.31816912
1495,2004-08-15,0.26055163
1496,2004-09-15,0.38170356
1497,2004-10-15,0.5954595
1498,2004-11-15,0.6352376
1499,2004-12-15,0.5285624
1500,2005-01-15,1.1263832
1501,2005-02-15,0.9625754
1502,2005-03-15,0.9014696
1503,2005-04-15,0.57783973
1504,2005-05-15,0.7572899
1505,2005-06-15,0.6511458
1506,2005-07-15,0.55168676
1507,2005-08-15,0.51333666
1508,2005-09-15,1.0231947
1509,2005-10-15,1.0483818
1510,2005-11-15,0.9061237
1511,2005-12-15,1.2001044
1512,2006-01-15,0.85007125
1513,2006-02-15,0.9287821
1514,2006-03-15,0.7868925
1515,2006-04-15,0.4144744
1516,2006-05-15,0.4290681
1517,2006-06-15,0.73812073
1518,2006-07-15,0.24592374
1519,2006-08-15,0.9558385
1520,2006-09-15,0.8645959
1521,2006-10-15,0.7247422
1522,2006-11-15,1.089765
1523,2006-12-15,0.8806138
1524,2007-01-15,1.3594933
1525,2007-02-15,0.8421661
1526,2007-03-15,0.8396556
1527,2007-04-15,1.0904825
1528,2007-05-15,0.8685361
1529,2007-06-15,0.8855454
1530,2007-07-15,0.8285722
1531,2007-08-15,0.8112107
1532,2007-09-15,0.74922115
1533,2007-10-15,0.7981374
1534,2007-11-15,0.93775874
1535,2007-12-15,0.7403772
1536,2008-01-15,0.43668655
1537,2008-02-15,0.5998792
1538,2008-03-15,0.828958
1539,2008-04-15,0.7609785
1540,2008-05-15,0.5787128
1541,2008-06-15,0.5218872
1542,2008-07-15,0.7386648
1543,2008-08-15,0.24539456
1544,2008-09-15,1.0331143
1545,2008-10-15,0.83522975
1546,2008-11-15,0.9049904
1547,2008-12-15,0.7214321
1548,2009-01-15,1.0021095
1549,2009-02-15,0.41138342
1550,2009-03-15,0.4701401
1551,2009-04-15,0.5420838
1552,2009-05-15,0.84783524
1553,2009-06-15,0.60002714
1554,2009-07-15,1.0318967
1555,2009-08-15,0.63622266
1556,2009-09-15,0.83871466
1557,2009-10-15,0.8844242
1558,2009-11-15,1.206513
1559,2009-12-15,1.007735
1560,2010-01-15,0.95501673
1561,2010-02-15,1.133097
1562,2010-03-15,1.2188573
1563,2010-04-15,1.0130205
1564,2010-05-15,0.95491356
1565,2010-06-15,0.51962596
1566,2010-07-15,0.51389754
1567,2010-08-15,0.7478967
1568,2010-09-15,0.71239233
1569,2010-10-15,1.0931928
1570,2010-11-15,1.0991246
1571,2010-12-15,0.74483967
1572,2011-01-15,0.98079246
1573,2011-02-15,0.78569394
1574,2011-03-15,1.1383036
1575,2011-04-15,0.69605106
1576,2011-05-15,0.6149347
1577,2011-06-15,0.7382574
1578,2011-07-15,1.0517304
1579,2011-08-15,1.2039865
1580,2011-09-15,0.6527656
1581,2011-10-15,1.0314287
1582,2011-11-15,1.1292759
1583,2011-12-15,0.9768724
1584,2012-01-15,0.74126995
1585,2012-02-15,0.9343439
1586,2012-03-15,0.8135901
1587,2012-04-15,0.80667293
1588,2012-05-15,0.94916916
1589,2012-06-15,0.59245646
1590,2012-07-15,0.50912267
1591,2012-08-15,0.62004465
1592,2012-09-15,0.9047375
1593,2012-10-15,1.1923702
1594,2012-11-15,1.2172563
1595,2012-12-15,1.0118293
1596,2013-01-15,1.0749013
1597,2013-02-15,0.40582544
1598,2013-03-15,0.97223824
1599,2013-04-15,0.52814263
1600,2013-05-15,0.4153575
1601,2013-06-15,0.84749377
1602,2013-07-15,0.5253336
1603,2013-08-15,0.9152823
1604,2013-09-15,1.2480531
1605,2013-10-15,0.8999897
1606,2013-11-15,1.1326083
1607,2013-12-15,0.9889576
1608,2014-01-15,1.0298165
1609,2014-02-15,0.8527408
1610,2014-03-15,1.0149493
1611,2014-04-15,0.894623
1612,2014-05-15,1.2017409
1613,2014-06-15,0.51630074
1614,2014-07-15,0.29264143
1615,2014-08-15,1.0366435
1616,2014-09-15,1.2867337
1617,2014-10-15,0.9991504
1618,2014-11-15,0.7510633
1619,2014-12-15,0.9231549
1620,2015-01-15,1.0108421
1621,2015-02-15,1.1078106
1622,2015-03-15,1.1754042
1623,2015-04-15,0.82371396
1624,2015-05-15,0.553328
1625,2015-06-15,0.67742944
1626,2015-07-15,0.46478117
1627,2015-08-15,0.5274713
1628,2015-09-15,0.67414445
1629,2015-10-15,1.340609
1630,2015-11-15,1.3412287
1631,2015-12-15,1.1646408
1632,2016-01-15,1.5708116
1633,2016-02-15,1.6354395
1634,2016-03-15,1.5641524
1635,2016-04-15,1.0738609
1636,2016-05-15,1.090992
1637,2016-06-15,0.6318536
1638,2016-07-15,0.7553084
1639,2016-08-15,1.2689254
1640,2016-09-15,1.0030756
1641,2016-10-15,1.3017063
1642,2016-11-15,1.6601642
1643,2016-12-15,1.2172985
1644,2017-01-15,1.3180729
1645,2017-02-15,1.5222846
1646,2017-03-15,1.5988994
1647,2017-04-15,1.0753518
1648,2017-05-15,1.0388211
1649,2017-06-15,0.44868714
1650,2017-07-15,0.6647934
1651,2017-08-15,0.86719906
1652,2017-09-15,0.6037237
1653,2017-10-15,1.1990643
1654,2017-11-15,1.2550545
1655,2017-12-15,1.2973841
1656,2018-01-15,1.1527219
1657,2018-02-15,1.3437188
1658,2018-03-15,1.1099703
1659,2018-04-15,0.9994346
1660,2018-05-15,0.79669124
1661,2018-06-15,0.82620513
1662,2018-07-15,0.8521213
1663,2018-08-15,0.88594717
1664,2018-09-15,0.7733516
1665,2018-10-15,1.5385609
1666,2018-11-15,1.0395322
1667,2018-12-15,1.2520033
1668,2019-01-15,0.89989835
1669,2019-02-15,1.331168
1670,2019-03-15,1.5893413
1671,2019-04-15,1.1360545
1672,2019-05-15,1.0250082
1673,2019-06-15,0.8239622
1674,2019-07-15,1.0552909
1675,2019-08-15,1.0993279
1676,2019-09-15,1.0994802
1677,2019-10-15,1.3899698
1678,2019-11-15,1.2495686
1679,2019-12-15,1.3544804
1680,2020-01-15,1.1226214
1681,2020-02-15,1.4393439
1682,2020-03-15,1.2387537
1683,2020-04-15,1.6127479
1684,2020-05-15,1.2772492
1685,2020-06-15,1.0448076
1686,2020-07-15,0.94099665
1687,2020-08-15,0.81678677
1688,2020-09-15,1.2096753
1689,2020-10-15,1.1658664
1690,2020-11-15,1.6971749
1691,2020-12-15,1.0267749
1692,2021-01-15,1.0860968
1693,2021-02-15,0.7239353
1694,2021-03-15,1.0899962
1695,2021-04-15,0.79591775
1696,2021-05-15,0.853729
1697,2021-06-15,0.73171705
1698,2021-07-15,1.0089396
1699,2021-08-15,0.5962534
1700,2021-09-15,1.1231234
1701,2021-10-15,1.3199024
1702,2021-11-15,1.0573698
1703,2021-12-15,1.0005103
1704,2022-01-15,1.0372511
1705,2022-02-15,1.2056957
1706,2022-03-15,1.5242037
1707,2022-04-15,0.7989498
1708,2022-05-15,1.1004215
1709,2022-06-15,1.1282942
1710,2022-07-15,1.1332946
1711,2022-08-15,1.20252
1712,2022-09-15,1.107226
1713,2022-10-15,1.2787068
1714,2022-11-15,0.60405797
1715,2022-12-15,1.0185581
1716,2023-01-15,0.8836913
1717,2023-02-15,1.1037978
1718,2023-03-15,1.60394
1719,2023-04-15,1.1732193
1720,2023-05-15,0.8409001
1721,2023-06-15,1.142622
1722,2023-07-15,1.1097991
1723,2023-08-15,1.0236487
1724,2023-09-15,1.986693
1725,2023-10-15,1.4440938
1726,2023-11-15,1.5288
1727,2023-12-15,1.5637159
1728,2024-01-15,1.0904676
1729,2024-02-15,1.5660328
1730,2024-03-15,1.5208464
1731,2024-04-15,1.3711748
1732,2024-05-15,1.2450827
1733,2024-06-15,1.2928487
1734,2024-07-15,1.3736898
1735,2024-08-15,1.6537282
1736,2024-09-15,1.259252
1737,2024-10-15,1.7879968
1738,2024-11-15,1.5270201
1739,2024-12-15,1.4822441
1740,2025-01-15,1.5711994
1741,2025-02-15,1.9418188
